index,preds
6,"('box turtle, box tortoise', 'mud turtle', 'terrapin')"
8,"('shopping cart', 'shopping basket', 'grocery store, grocery, food market, market')"
17,"('hen', 'cock', 'mailbox, letter box')"
18,"('miniature pinscher', 'Mexican hairless', 'schipperke')"
21,"('three-toed sloth, ai, Bradypus tridactylus', 'sliding door', 'obelisk')"
22,"('Newfoundland, Newfoundland dog', 'flat-coated retriever', 'groenendael')"
25,"('guinea pig, Cavia cobaya', 'skunk, polecat, wood pussy', 'badger')"
29,"('barracouta, snoek', 'tench, Tinca tinca', 'gar, garfish, garpike, billfish, Lepisosteus osseus')"
33,"('ox', 'llama', 'gazelle')"
43,"('Weimaraner', 'Chesapeake Bay retriever', 'Siamese cat, Siamese')"
45,"('snail', 'slug', 'conch')"
50,"('triceratops', 'frilled lizard, Chlamydosaurus kingi', 'armadillo')"
51,"('toy poodle', 'miniature poodle', 'standard poodle')"
52,"('Rottweiler', 'Doberman, Doberman pinscher', 'Labrador retriever')"
53,"('hyena, hyaena', 'African hunting dog, hyena dog, Cape hunting dog, Lycaon pictus', 'dhole, Cuon alpinus')"
56,"('Pomeranian', 'keeshond', 'papillon')"
69,"('shovel', 'vacuum, vacuum cleaner', 'muzzle')"
73,"('sunglasses, dark glasses, shades', 'teddy, teddy bear', 'sunglass')"
77,"('porcupine, hedgehog', 'echidna, spiny anteater, anteater', 'titi, titi monkey')"
78,"('goose', 'drake', 'hen')"
87,"('Egyptian cat', 'wallaby, brush kangaroo', 'meerkat, mierkat')"
93,"('electric fan, blower', 'spotlight, spot', 'shower curtain')"
94,"('web site, website, internet site, site', 'menu', 'oscilloscope, scope, cathode-ray oscilloscope, CRO')"
95,"('web site, website, internet site, site', 'golden retriever', 'Irish setter, red setter')"
96,"('gazelle', 'ibex, Capra ibex', 'bighorn, bighorn sheep, cimarron, Rocky Mountain bighorn, Rocky Mountain sheep, Ovis canadensis')"
98,"('half track', 'fire engine, fire truck', 'tow truck, tow car, wrecker')"
100,"('African grey, African gray, Psittacus erithacus', 'macaw', 'lorikeet')"
103,"('miniature pinscher', 'pug, pug-dog', 'Rottweiler')"
106,"('jigsaw puzzle', 'acorn', 'quilt, comforter, comfort, puff')"
107,"('common iguana, iguana, Iguana iguana', 'accordion, piano accordion, squeeze box', 'green lizard, Lacerta viridis')"
108,"('car mirror', 'Weimaraner', 'Labrador retriever')"
112,"('triceratops', 'Arabian camel, dromedary, Camelus dromedarius', 'Indian elephant, Elephas maximus')"
113,"('boxer', 'bull mastiff', 'Great Dane')"
115,"('guinea pig, Cavia cobaya', 'Band Aid', 'hamster')"
117,"('Angora, Angora rabbit', 'hen', 'bald eagle, American eagle, Haliaeetus leucocephalus')"
118,"('terrapin', 'leatherback turtle, leatherback, leathery turtle, Dermochelys coriacea', 'loggerhead, loggerhead turtle, Caretta caretta')"
123,"('French horn, horn', 'vase', 'cornet, horn, trumpet, trump')"
126,"('French bulldog', 'pug, pug-dog', 'Brabancon griffon')"
130,"('web site, website, internet site, site', 'borzoi, Russian wolfhound', 'Saluki, gazelle hound')"
131,"('king penguin, Aptenodytes patagonica', 'indri, indris, Indri indri, Indri brevicaudatus', 'Madagascar cat, ring-tailed lemur, Lemur catta')"
132,"('hamper', 'shopping basket', 'hen')"
133,"('golden retriever', 'Samoyed, Samoyede', 'kuvasz')"
140,"('muzzle', 'basenji', 'oxygen mask')"
142,"('gazelle', 'impala, Aepyceros melampus', 'hare')"
143,"('crash helmet', 'mouse, computer mouse', 'bullet train, bullet')"
145,"('plastic bag', 'groenendael', 'brassiere, bra, bandeau')"
150,"('tricycle, trike, velocipede', 'pug, pug-dog', 'vacuum, vacuum cleaner')"
151,"('seashore, coast, seacoast, sea-coast', 'sandbar, sand bar', 'Indian elephant, Elephas maximus')"
152,"('barbell', 'ski mask', 'dumbbell')"
158,"('Maltese dog, Maltese terrier, Maltese', 'Yorkshire terrier', 'miniature schnauzer')"
163,"('mosquito net', 'crib, cot', 'shower curtain')"
166,"('hammerhead, hammerhead shark', 'jellyfish', 'sea anemone, anemone')"
167,"('doormat, welcome mat', 'Chihuahua', 'toy terrier')"
168,"('Arabian camel, dromedary, Camelus dromedarius', 'llama', 'bison')"
170,"('Persian cat', 'tabby, tabby cat', 'tiger cat')"
171,"('English springer, English springer spaniel', 'German short-haired pointer', 'Boston bull, Boston terrier')"
174,"('bib', 'rubber eraser, rubber, pencil eraser', 'bathing cap, swimming cap')"
177,"('minivan', 'minibus', 'moving van')"
179,"('Yorkshire terrier', 'Norwich terrier', 'silky terrier, Sydney silky')"
182,"('cuirass', 'breastplate, aegis, egis', 'bulletproof vest')"
183,"('Pembroke, Pembroke Welsh corgi', 'Cardigan, Cardigan Welsh corgi', 'toyshop')"
193,"('beach wagon, station wagon, wagon, estate car, beach waggon, station waggon, waggon', 'minivan', 'pickup, pickup truck')"
195,"('cheetah, chetah, Acinonyx jubatus', 'carousel, carrousel, merry-go-round, roundabout, whirligig', 'eel')"
198,"('seat belt, seatbelt', 'golden retriever', 'Labrador retriever')"
199,"('Siamese cat, Siamese', 'weasel', 'Egyptian cat')"
201,"('bookcase', 'kuvasz', 'studio couch, day bed')"
203,"('washbasin, handbasin, washbowl, lavabo, wash-hand basin', 'toilet seat', 'bathtub, bathing tub, bath, tub')"
205,"('seat belt, seatbelt', 'Appenzeller', 'whippet')"
209,"('teddy, teddy bear', 'chow, chow chow', 'Sussex spaniel')"
210,"('toy poodle', 'Lakeland terrier', 'wire-haired fox terrier')"
212,"('pot, flowerpot', 'window screen', 'African chameleon, Chamaeleo chamaeleon')"
213,"('web site, website, internet site, site', 'Chihuahua', 'toy terrier')"
215,"('slug', 'snail', 'mushroom')"
217,"('birdhouse', 'boathouse', 'mailbox, letter box')"
219,"('box turtle, box tortoise', 'mud turtle', 'terrapin')"
226,"('curly-coated retriever', 'flat-coated retriever', 'Chesapeake Bay retriever')"
230,"('ping-pong ball', 'Italian greyhound', 'barbell')"
232,"('porcupine, hedgehog', 'sea urchin', 'bath towel')"
233,"('Bouvier des Flandres, Bouviers des Flandres', 'otterhound, otter hound', 'miniature poodle')"
235,"('seat belt, seatbelt', 'beagle', 'toy terrier')"
237,"('window shade', 'window screen', 'laptop, laptop computer')"
238,"('Chesapeake Bay retriever', 'Labrador retriever', ""jack-o'-lantern"")"
239,"('Pembroke, Pembroke Welsh corgi', 'Cardigan, Cardigan Welsh corgi', 'basenji')"
242,"('peacock', 'agama', 'leatherback turtle, leatherback, leathery turtle, Dermochelys coriacea')"
243,"('white wolf, Arctic wolf, Canis lupus tundrarum', 'timber wolf, grey wolf, gray wolf, Canis lupus', 'ice bear, polar bear, Ursus Maritimus, Thalarctos maritimus')"
244,"('tailed frog, bell toad, ribbed toad, tailed toad, Ascaphus trui', 'mousetrap', 'alligator lizard')"
245,"('car wheel', 'sports car, sport car', 'minivan')"
246,"('patas, hussar monkey, Erythrocebus patas', 'guenon, guenon monkey', 'macaque')"
247,"('bagel, beigel', 'chambered nautilus, pearly nautilus, nautilus', 'butternut squash')"
253,"('wood rabbit, cottontail, cottontail rabbit', 'hare', 'Angora, Angora rabbit')"
254,"('wood rabbit, cottontail, cottontail rabbit', 'hare', 'Pembroke, Pembroke Welsh corgi')"
260,"('sea cucumber, holothurian', 'common newt, Triturus vulgaris', 'centipede')"
261,"('dingo, warrigal, warragal, Canis dingo', 'Pembroke, Pembroke Welsh corgi', 'Siberian husky')"
263,"('Arctic fox, white fox, Alopex lagopus', 'brown bear, bruin, Ursus arctos', 'red fox, Vulpes vulpes')"
270,"('web site, website, internet site, site', 'meerkat, mierkat', 'weasel')"
272,"('scorpion', 'rock crab, Cancer irroratus', 'fiddler crab')"
275,"('flamingo', 'spoonbill', 'goose')"
277,"('accordion, piano accordion, squeeze box', 'bulletproof vest', 'paintbrush')"
281,"('hen', 'goose', 'ruffed grouse, partridge, Bonasa umbellus')"
284,"('Angora, Angora rabbit', 'Shih-Tzu', 'wood rabbit, cottontail, cottontail rabbit')"
288,"('piggy bank, penny bank', 'teddy, teddy bear', 'toyshop')"
289,"('plow, plough', 'water buffalo, water ox, Asiatic buffalo, Bubalus bubalis', 'warthog')"
290,"('toilet seat', 'medicine chest, medicine cabinet', ""plunger, plumber's helper"")"
293,"('schipperke', 'Scotch terrier, Scottish terrier, Scottie', 'miniature pinscher')"
296,"('golden retriever', 'Labrador retriever', 'Pomeranian')"
297,"('zebra', 'hartebeest', 'prairie chicken, prairie grouse, prairie fowl')"
300,"('snail', 'hermit crab', 'isopod')"
301,"('go-kart', 'picket fence, paling', 'lawn mower, mower')"
303,"('snail', 'terrapin', 'hermit crab')"
307,"('hen', 'cock', 'hornbill')"
309,"('ptarmigan', 'king penguin, Aptenodytes patagonica', 'ice bear, polar bear, Ursus Maritimus, Thalarctos maritimus')"
311,"('feather boa, boa', 'toyshop', ""plunger, plumber's helper"")"
312,"('platypus, duckbill, duckbilled platypus, duck-billed platypus, Ornithorhynchus anatinus', 'Loafer', 'Great Dane')"
315,"('coral fungus', 'coral reef', 'pot, flowerpot')"
317,"('llama', 'gazelle', 'ram, tup')"
318,"('doormat, welcome mat', 'prayer rug, prayer mat', 'apron')"
321,"('baboon', 'chimpanzee, chimp, Pan troglodytes', 'orangutan, orang, orangutang, Pongo pygmaeus')"
323,"('china cabinet, china closet', 'bookcase', 'entertainment center')"
324,"('bee eater', 'jay', 'chickadee')"
325,"('ski mask', 'mask', 'crash helmet')"
329,"('Old English sheepdog, bobtail', 'Sealyham terrier, Sealyham', 'West Highland white terrier')"
331,"('tennis ball', 'golden retriever', 'Labrador retriever')"
335,"('carton', 'piggy bank, penny bank', 'pug, pug-dog')"
337,"('killer whale, killer, orca, grampus, sea wolf, Orcinus orca', 'black swan, Cygnus atratus', 'albatross, mollymawk')"
342,"('ostrich, Struthio camelus', 'Arabian camel, dromedary, Camelus dromedarius', 'llama')"
347,"('terrapin', 'box turtle, box tortoise', 'mud turtle')"
352,"('Chihuahua', 'Pomeranian', 'three-toed sloth, ai, Bradypus tridactylus')"
353,"('basset, basset hound', 'beagle', 'bassinet')"
357,"('microwave, microwave oven', 'rotisserie', 'stove')"
358,"('starfish, sea star', 'brassiere, bra, bandeau', 'sea anemone, anemone')"
361,"('Chesapeake Bay retriever', 'Labrador retriever', 'Sussex spaniel')"
364,"('Indian elephant, Elephas maximus', 'tusker', 'warthog')"
365,"('Labrador retriever', 'motor scooter, scooter', 'moped')"
366,"('pot, flowerpot', 'American black bear, black bear, Ursus americanus, Euarctos americanus', 'caldron, cauldron')"
369,"('leaf beetle, chrysomelid', 'tiger beetle', 'long-horned beetle, longicorn, longicorn beetle')"
371,"('llama', 'sorrel', 'Arabian camel, dromedary, Camelus dromedarius')"
372,"('wombat', 'wallaby, brush kangaroo', 'weasel')"
376,"('toilet seat', ""plunger, plumber's helper"", 'toilet tissue, toilet paper, bathroom tissue')"
383,"('Chihuahua', 'toy terrier', 'ski mask')"
385,"('hamster', 'polecat, fitch, foulmart, foumart, Mustela putorius', 'weasel')"
390,"('Siamese cat, Siamese', 'Siberian husky', 'ice bear, polar bear, Ursus Maritimus, Thalarctos maritimus')"
391,"('ski mask', ""jack-o'-lantern"", ""pajama, pyjama, pj's, jammies"")"
393,"('kuvasz', 'golden retriever', 'Great Pyrenees')"
395,"('standard schnauzer', 'miniature schnauzer', 'Dandie Dinmont, Dandie Dinmont terrier')"
402,"('porcupine, hedgehog', 'bustard', 'ptarmigan')"
403,"('bonnet, poke bonnet', 'ski mask', ""pajama, pyjama, pj's, jammies"")"
409,"('suit, suit of clothes', 'Windsor tie', 'groom, bridegroom')"
411,"('Pembroke, Pembroke Welsh corgi', 'Cardigan, Cardigan Welsh corgi', 'Siberian husky')"
412,"('Chihuahua', ""jack-o'-lantern"", 'Yorkshire terrier')"
414,"('jigsaw puzzle', 'Labrador retriever', 'comic book')"
421,"('peacock', 'quail', 'black grouse')"
424,"('ostrich, Struthio camelus', 'llama', 'bearskin, busby, shako')"
429,"('slug', 'snail', 'conch')"
433,"('porcupine, hedgehog', 'hamster', 'titi, titi monkey')"
434,"('malinois', 'Staffordshire bullterrier, Staffordshire bull terrier', 'American Staffordshire terrier, Staffordshire terrier, American pit bull terrier, pit bull terrier')"
435,"('cradle', 'Maltese dog, Maltese terrier, Maltese', 'plastic bag')"
436,"('ice bear, polar bear, Ursus Maritimus, Thalarctos maritimus', 'weasel', 'beaver')"
439,"('Shih-Tzu', 'Lhasa, Lhasa apso', 'Tibetan terrier, chrysanthemum dog')"
442,"('eel', 'goldfish, Carassius auratus', 'sea snake')"
444,"('Rottweiler', 'guillotine', 'black-and-tan coonhound')"
446,"('seashore, coast, seacoast, sea-coast', 'golden retriever', 'bathing cap, swimming cap')"
448,"('tick', 'fiddler crab', 'scorpion')"
453,"('sea lion', 'otter', 'seashore, coast, seacoast, sea-coast')"
455,"('mousetrap', 'jigsaw puzzle', 'jersey, T-shirt, tee shirt')"
457,"('drake', 'goose', 'albatross, mollymawk')"
466,"('golden retriever', 'street sign', 'Labrador retriever')"
470,"('mortarboard', 'folding chair', ""academic gown, academic robe, judge's robe"")"
471,"('entertainment center', 'home theater, home theatre', 'Pomeranian')"
473,"('Pembroke, Pembroke Welsh corgi', 'dingo, warrigal, warragal, Canis dingo', 'Cardigan, Cardigan Welsh corgi')"
476,"('paper towel', 'studio couch, day bed', 'stove')"
477,"('llama', 'wallaby, brush kangaroo', 'Arabian camel, dromedary, Camelus dromedarius')"
480,"('golden retriever', 'Saluki, gazelle hound', 'Brittany spaniel')"
484,"('terrapin', 'box turtle, box tortoise', 'mud turtle')"
487,"('dough', 'French bulldog', 'bath towel')"
493,"('Staffordshire bullterrier, Staffordshire bull terrier', 'bull mastiff', 'Tibetan mastiff')"
503,"('Cardigan, Cardigan Welsh corgi', 'wood rabbit, cottontail, cottontail rabbit', 'Pembroke, Pembroke Welsh corgi')"
508,"('mosquito net', 'Petri dish', 'hoopskirt, crinoline')"
512,"('hamster', 'bell cote, bell cot', 'broccoli')"
513,"('Labrador retriever', 'bubble', 'whippet')"
515,"('toy poodle', 'miniature poodle', 'teddy, teddy bear')"
521,"('feather boa, boa', 'miniature schnauzer', 'Italian greyhound')"
522,"('Boston bull, Boston terrier', 'seat belt, seatbelt', 'toy terrier')"
525,"('cairn, cairn terrier', 'malinois', 'Border terrier')"
526,"('Rottweiler', 'kelpie', 'Tibetan mastiff')"
528,"('wardrobe, closet, press', 'dishwasher, dish washer, dishwashing machine', 'doormat, welcome mat')"
530,"('bucket, pail', 'pug, pug-dog', 'Siberian husky')"
533,"('hamster', 'guinea pig, Cavia cobaya', 'fox squirrel, eastern fox squirrel, Sciurus niger')"
535,"('weasel', 'polecat, fitch, foulmart, foumart, Mustela putorius', 'black-footed ferret, ferret, Mustela nigripes')"
537,"('carbonara', 'cheeseburger', 'plastic bag')"
542,"('triceratops', 'banded gecko', 'coral reef')"
546,"('Appenzeller', 'water buffalo, water ox, Asiatic buffalo, Bubalus bubalis', 'Greater Swiss Mountain dog')"
551,"('Lhasa, Lhasa apso', 'seat belt, seatbelt', 'Shih-Tzu')"
553,"('patio, terrace', 'Irish wolfhound', 'dining table, board')"
555,"('overskirt', 'bull mastiff', 'cloak')"
560,"('teddy, teddy bear', 'wool, woolen, woollen', 'hen-of-the-woods, hen of the woods, Polyporus frondosus, Grifola frondosa')"
568,"('alp', 'sandbar, sand bar', 'snowmobile')"
571,"('swing', 'Bedlington terrier', 'Lakeland terrier')"
576,"('marmot', 'lakeside, lakeshore', 'beaver')"
577,"('seat belt, seatbelt', 'oxygen mask', 'malinois')"
580,"('harp', 'suspension bridge', 'mosquito net')"
586,"('Labrador retriever', 'golden retriever', 'redbone')"
587,"('Doberman, Doberman pinscher', 'cash machine, cash dispenser, automated teller machine, automatic teller machine, automated teller, automatic teller, ATM', 'black-and-tan coonhound')"
594,"('porcupine, hedgehog', 'echidna, spiny anteater, anteater', 'oboe, hautboy, hautbois')"
596,"('platypus, duckbill, duckbilled platypus, duck-billed platypus, Ornithorhynchus anatinus', 'beaver', 'Chihuahua')"
599,"('meerkat, mierkat', 'mongoose', 'wallaby, brush kangaroo')"
604,"('llama', 'Arabian camel, dromedary, Camelus dromedarius', 'peacock')"
606,"('hog, pig, grunter, squealer, Sus scrofa', 'Arctic fox, white fox, Alopex lagopus', 'polecat, fitch, foulmart, foumart, Mustela putorius')"
608,"('Maltese dog, Maltese terrier, Maltese', 'Shih-Tzu', 'Lhasa, Lhasa apso')"
609,"('pillow', 'apron', 'handkerchief, hankie, hanky, hankey')"
615,"('feather boa, boa', 'Christmas stocking', 'water bottle')"
617,"('Shih-Tzu', 'pug, pug-dog', 'Border terrier')"
618,"('shower curtain', 'mosquito net', 'tub, vat')"
619,"('space heater', 'radiator', 'window screen')"
623,"('tub, vat', 'parallel bars, bars', 'bathtub, bathing tub, bath, tub')"
625,"('ox', 'oxcart', 'hog, pig, grunter, squealer, Sus scrofa')"
632,"('miniature schnauzer', 'Old English sheepdog, bobtail', 'Shih-Tzu')"
636,"('assault rifle, assault gun', 'unicycle, monocycle', 'military uniform')"
640,"('frilled lizard, Chlamydosaurus kingi', 'tailed frog, bell toad, ribbed toad, tailed toad, Ascaphus trui', 'mud turtle')"
642,"('kuvasz', 'golden retriever', 'Labrador retriever')"
647,"('dalmatian, coach dog, carriage dog', 'toyshop', 'teddy, teddy bear')"
651,"('mask', 'box turtle, box tortoise', 'ocarina, sweet potato')"
653,"('toy poodle', 'teddy, teddy bear', 'miniature poodle')"
654,"('quilt, comforter, comfort, puff', 'jigsaw puzzle', 'Chihuahua')"
655,"('snorkel', 'bathing cap, swimming cap', 'swimming trunks, bathing trunks')"
657,"('seat belt, seatbelt', 'Lakeland terrier', 'wire-haired fox terrier')"
660,"('wombat', 'beaver', 'koala, koala bear, kangaroo bear, native bear, Phascolarctos cinereus')"
664,"('seashore, coast, seacoast, sea-coast', 'unicycle, monocycle', 'cliff, drop, drop-off')"
666,"('toyshop', 'Dandie Dinmont, Dandie Dinmont terrier', 'Labrador retriever')"
667,"('Pembroke, Pembroke Welsh corgi', 'dingo, warrigal, warragal, Canis dingo', 'red fox, Vulpes vulpes')"
669,"('wallaby, brush kangaroo', 'llama', 'hare')"
683,"('hog, pig, grunter, squealer, Sus scrofa', 'wild boar, boar, Sus scrofa', 'armadillo')"
687,"('lion, king of beasts, Panthera leo', 'chow, chow chow', 'llama')"
691,"('Cardigan, Cardigan Welsh corgi', 'Pembroke, Pembroke Welsh corgi', 'Border collie')"
698,"('seat belt, seatbelt', 'minibus', 'car mirror')"
701,"('African chameleon, Chamaeleo chamaeleon', 'frilled lizard, Chlamydosaurus kingi', 'agama')"
703,"('Labrador retriever', 'golden retriever', 'shopping cart')"
706,"('ram, tup', 'bighorn, bighorn sheep, cimarron, Rocky Mountain bighorn, Rocky Mountain sheep, Ovis canadensis', 'ibex, Capra ibex')"
708,"('dishwasher, dish washer, dishwashing machine', 'microwave, microwave oven', 'sewing machine')"
714,"('Pembroke, Pembroke Welsh corgi', 'dingo, warrigal, warragal, Canis dingo', 'Cardigan, Cardigan Welsh corgi')"
715,"('web site, website, internet site, site', 'notebook, notebook computer', 'analog clock')"
718,"('sliding door', 'doormat, welcome mat', 'wardrobe, closet, press')"
722,"('common newt, Triturus vulgaris', 'eft', 'alligator lizard')"
733,"('jackfruit, jak, jack', 'cheeseburger', 'hotdog, hot dog, red hot')"
734,"('refrigerator, icebox', 'microwave, microwave oven', 'vending machine')"
736,"('fiddler crab', 'shower curtain', 'crayfish, crawfish, crawdad, crawdaddy')"
738,"('car mirror', 'seat belt, seatbelt', 'hamster')"
740,"('seat belt, seatbelt', 'car mirror', 'oxygen mask')"
743,"('wood rabbit, cottontail, cottontail rabbit', 'hare', 'Angora, Angora rabbit')"
753,"('sorrel', 'basenji', 'horse cart, horse-cart')"
754,"('bannister, banister, balustrade, balusters, handrail', 'shower curtain', 'bathtub, bathing tub, bath, tub')"
761,"('hog, pig, grunter, squealer, Sus scrofa', 'snow leopard, ounce, Panthera uncia', 'wire-haired fox terrier')"
763,"('beacon, lighthouse, beacon light, pharos', 'prison, prison house', 'bell cote, bell cot')"
770,"('guenon, guenon monkey', 'sunglasses, dark glasses, shades', 'chimpanzee, chimp, Pan troglodytes')"
773,"('English foxhound', 'Brabancon griffon', 'bloodhound, sleuthhound')"
775,"('koala, koala bear, kangaroo bear, native bear, Phascolarctos cinereus', 'wallaby, brush kangaroo', 'Siberian husky')"
780,"('golden retriever', 'kuvasz', 'Great Pyrenees')"
784,"('pug, pug-dog', 'Brabancon griffon', 'Boston bull, Boston terrier')"
785,"('motor scooter, scooter', 'moped', 'West Highland white terrier')"
790,"('Siberian husky', 'Norwich terrier', 'cairn, cairn terrier')"
791,"('vestment', 'abaya', 'gown')"
794,"('Airedale, Airedale terrier', 'Bouvier des Flandres, Bouviers des Flandres', 'briard')"
795,"('kuvasz', 'Labrador retriever', 'Great Pyrenees')"
797,"('bobsled, bobsleigh, bob', 'golfcart, golf cart', 'tub, vat')"
806,"('beach wagon, station wagon, wagon, estate car, beach waggon, station waggon, waggon', 'minivan', 'pickup, pickup truck')"
811,"('bison', 'sorrel', 'worm fence, snake fence, snake-rail fence, Virginia fence')"
821,"('Yorkshire terrier', 'Australian terrier', 'Lhasa, Lhasa apso')"
827,"('armadillo', 'tabby, tabby cat', 'wombat')"
828,"('dining table, board', 'Siamese cat, Siamese', 'desk')"
832,"('tray', 'washbasin, handbasin, washbowl, lavabo, wash-hand basin', 'dining table, board')"
835,"('soft-coated wheaten terrier', 'teddy, teddy bear', 'cairn, cairn terrier')"
839,"('Yorkshire terrier', 'Norfolk terrier', 'Irish terrier')"
840,"('beaver', 'marmot', 'wombat')"
841,"('pug, pug-dog', 'toyshop', 'bow tie, bow-tie, bowtie')"
843,"('sunglasses, dark glasses, shades', 'bow tie, bow-tie, bowtie', 'sunglass')"
855,"('car mirror', 'Chesapeake Bay retriever', 'vizsla, Hungarian pointer')"
856,"('sunglasses, dark glasses, shades', 'English setter', 'sunglass')"
857,"('Chihuahua', 'accordion, piano accordion, squeeze box', 'Labrador retriever')"
861,"('golden retriever', 'cocker spaniel, English cocker spaniel, cocker', 'tabby, tabby cat')"
866,"('sleeping bag', 'Siamese cat, Siamese', 'shoe shop, shoe-shop, shoe store')"
867,"('whippet', 'beagle', 'English foxhound')"
870,"('Labrador retriever', 'pug, pug-dog', 'beagle')"
889,"('banded gecko', 'common iguana, iguana, Iguana iguana', 'frilled lizard, Chlamydosaurus kingi')"
896,"('hippopotamus, hippo, river horse, Hippopotamus amphibius', 'Arabian camel, dromedary, Camelus dromedarius', 'sea lion')"
903,"('poncho', 'water bottle', 'beaker')"
905,"('toy terrier', 'Chihuahua', 'Italian greyhound')"
907,"('Angora, Angora rabbit', 'hamster', 'balance beam, beam')"
908,"('hamster', 'tabby, tabby cat', 'black-footed ferret, ferret, Mustela nigripes')"
911,"('tailed frog, bell toad, ribbed toad, tailed toad, Ascaphus trui', 'bullfrog, Rana catesbeiana', 'tree frog, tree-frog')"
914,"('Eskimo dog, husky', 'Samoyed, Samoyede', 'Siberian husky')"
929,"('mongoose', 'beaver', 'wallaby, brush kangaroo')"
930,"('cannon', 'doormat, welcome mat', 'bath towel')"
932,"('bassinet', 'fur coat', 'cradle')"
935,"('bannister, banister, balustrade, balusters, handrail', 'fire screen, fireguard', 'coil, spiral, volute, whorl, helix')"
938,"('mailbox, letter box', 'file, file cabinet, filing cabinet', 'window shade')"
942,"('otter', 'sea lion', 'mink')"
943,"('feather boa, boa', 'toy poodle', 'Maltese dog, Maltese terrier, Maltese')"
947,"('Pomeranian', 'Chihuahua', 'Pekinese, Pekingese, Peke')"
948,"('guinea pig, Cavia cobaya', 'gas pump, gasoline pump, petrol pump, island dispenser', 'hamster')"
954,"('Italian greyhound', 'Mexican hairless', 'Chihuahua')"
960,"('golden retriever', 'Irish setter, red setter', 'Labrador retriever')"
971,"('quilt, comforter, comfort, puff', 'crib, cot', 'studio couch, day bed')"
972,"('Siberian husky', 'Eskimo dog, husky', 'space heater')"
974,"('wild boar, boar, Sus scrofa', 'hog, pig, grunter, squealer, Sus scrofa', 'warthog')"
984,"('Great Pyrenees', 'borzoi, Russian wolfhound', 'English setter')"
986,"('bathtub, bathing tub, bath, tub', 'tub, vat', 'washbasin, handbasin, washbowl, lavabo, wash-hand basin')"
990,"('soft-coated wheaten terrier', 'Border terrier', 'Chesapeake Bay retriever')"
996,"('Border collie', 'collie', 'trombone')"
1000,"('tennis ball', 'German short-haired pointer', 'Labrador retriever')"
1005,"('Labrador retriever', 'hotdog, hot dog, red hot', 'Rottweiler')"
1016,"('Band Aid', 'bathing cap, swimming cap', 'rubber eraser, rubber, pencil eraser')"
1020,"('cowboy hat, ten-gallon hat', 'sombrero', 'golden retriever')"
1027,"('dingo, warrigal, warragal, Canis dingo', 'Pembroke, Pembroke Welsh corgi', 'Eskimo dog, husky')"
1030,"('Maltese dog, Maltese terrier, Maltese', 'kuvasz', 'komondor')"
1032,"('llama', 'neck brace', 'Arabian camel, dromedary, Camelus dromedarius')"
1033,"('ice bear, polar bear, Ursus Maritimus, Thalarctos maritimus', 'hippopotamus, hippo, river horse, Hippopotamus amphibius', 'Indian elephant, Elephas maximus')"
1034,"('macaque', 'proboscis monkey, Nasalis larvatus', 'Labrador retriever')"
1036,"('espresso', 'cup', 'coffee mug')"
1037,"('kuvasz', 'golden retriever', 'Chihuahua')"
1038,"('goose', 'albatross, mollymawk', 'drake')"
1040,"('triceratops', 'three-toed sloth, ai, Bradypus tridactylus', 'spider monkey, Ateles geoffroyi')"
1042,"('Great Pyrenees', 'kuvasz', 'ice bear, polar bear, Ursus Maritimus, Thalarctos maritimus')"
1046,"('malamute, malemute, Alaskan malamute', 'timber wolf, grey wolf, gray wolf, Canis lupus', 'red wolf, maned wolf, Canis rufus, Canis niger')"
1057,"('partridge', 'ruffed grouse, partridge, Bonasa umbellus', 'meerkat, mierkat')"
1060,"('basenji', 'Pembroke, Pembroke Welsh corgi', 'Eskimo dog, husky')"
1064,"('nail', 'shovel', 'broom')"
1078,"('car mirror', 'minibus', 'fire engine, fire truck')"
1082,"('hook, claw', 'Afghan hound, Afghan', 'mortar')"
1083,"('bluetick', 'kelpie', 'Italian greyhound')"
1091,"('Brabancon griffon', 'Appenzeller', 'pug, pug-dog')"
1093,"('ambulance', 'recreational vehicle, RV, R.V.', 'cash machine, cash dispenser, automated teller machine, automatic teller machine, automated teller, automatic teller, ATM')"
1097,"('lawn mower, mower', 'lakeside, lakeshore', 'harvester, reaper')"
1106,"('whippet', 'Italian greyhound', 'malinois')"
1108,"('golden retriever', 'chow, chow chow', 'Labrador retriever')"
1110,"('Siamese cat, Siamese', 'pug, pug-dog', 'Chihuahua')"
1122,"('Lakeland terrier', 'toy poodle', 'soft-coated wheaten terrier')"
1124,"('miniature pinscher', 'Chihuahua', 'Italian greyhound')"
1130,"('Maltese dog, Maltese terrier, Maltese', 'Lhasa, Lhasa apso', 'Pekinese, Pekingese, Peke')"
1133,"('tricycle, trike, velocipede', 'barrow, garden cart, lawn cart, wheelbarrow', 'Angora, Angora rabbit')"
1134,"('window shade', 'window screen', 'quilt, comforter, comfort, puff')"
1138,"('macaque', 'stone wall', 'langur')"
1141,"('stone wall', 'prison, prison house', 'worm fence, snake fence, snake-rail fence, Virginia fence')"
1142,"('cash machine, cash dispenser, automated teller machine, automatic teller machine, automated teller, automatic teller, ATM', 'safe', 'Pomeranian')"
1143,"('washbasin, handbasin, washbowl, lavabo, wash-hand basin', 'bathtub, bathing tub, bath, tub', 'tub, vat')"
1147,"('chow, chow chow', 'keeshond', 'Irish water spaniel')"
1148,"('lakeside, lakeshore', 'alp', 'moped')"
1151,"('tennis ball', 'golden retriever', 'racket, racquet')"
1154,"('Staffordshire bullterrier, Staffordshire bull terrier', 'kelpie', 'Labrador retriever')"
1165,"('studio couch, day bed', 'television, television system', 'four-poster')"
1171,"('cup', 'coffee mug', 'papillon')"
1173,"('amphibian, amphibious vehicle', 'caldron, cauldron', 'tank, army tank, armored combat vehicle, armoured combat vehicle')"
1174,"('park bench', 'solar dish, solar collector, solar furnace', 'half track')"
1185,"('bath towel', 'Chihuahua', 'beagle')"
1195,"('web site, website, internet site, site', 'kuvasz', 'Labrador retriever')"
1197,"('keeshond', 'Norwegian elkhound, elkhound', 'malamute, malemute, Alaskan malamute')"
1198,"('lawn mower, mower', 'Great Dane', 'Weimaraner')"
1206,"('llama', 'hog, pig, grunter, squealer, Sus scrofa', 'Angora, Angora rabbit')"
1207,"('Great Pyrenees', 'Labrador retriever', 'golden retriever')"
1210,"('web site, website, internet site, site', 'golden retriever', 'comic book')"
1211,"('sunglass', 'sunglasses, dark glasses, shades', 'golden retriever')"
1215,"('bathtub, bathing tub, bath, tub', 'tub, vat', 'swimming trunks, bathing trunks')"
1216,"('Great Pyrenees', 'rapeseed', 'Tibetan mastiff')"
1217,"('hippopotamus, hippo, river horse, Hippopotamus amphibius', 'piggy bank, penny bank', 'hog, pig, grunter, squealer, Sus scrofa')"
1227,"('Siberian husky', 'Eskimo dog, husky', 'dingo, warrigal, warragal, Canis dingo')"
1229,"('barrow, garden cart, lawn cart, wheelbarrow', 'wok', 'Great Pyrenees')"
1230,"('seat belt, seatbelt', 'Labrador retriever', 'muzzle')"
1238,"('Siberian husky', 'malamute, malemute, Alaskan malamute', 'Eskimo dog, husky')"
1240,"('submarine, pigboat, sub, U-boat', 'drilling platform, offshore rig', 'traffic light, traffic signal, stoplight')"
1242,"('great white shark, white shark, man-eater, man-eating shark, Carcharodon carcharias', 'dugong, Dugong dugon', 'tiger shark, Galeocerdo cuvieri')"
1244,"('Yorkshire terrier', 'bath towel', 'muzzle')"
1253,"('paddle, boat paddle', 'canoe', 'wooden spoon')"
1257,"('Pekinese, Pekingese, Peke', 'Pembroke, Pembroke Welsh corgi', 'golden retriever')"
1258,"('sorrel', 'ox', 'seashore, coast, seacoast, sea-coast')"
1260,"('dugong, Dugong dugon', 'swimming trunks, bathing trunks', 'gar, garfish, garpike, billfish, Lepisosteus osseus')"
1263,"('wood rabbit, cottontail, cottontail rabbit', 'Angora, Angora rabbit', 'hare')"
1270,"('English setter', 'borzoi, Russian wolfhound', 'Brittany spaniel')"
1272,"('Boston bull, Boston terrier', 'Eskimo dog, husky', 'Chihuahua')"
1284,"('American black bear, black bear, Ursus americanus, Euarctos americanus', 'guenon, guenon monkey', 'sloth bear, Melursus ursinus, Ursus ursinus')"
1297,"('golden retriever', 'Saluki, gazelle hound', 'Brittany spaniel')"
1299,"('swing', 'Labrador retriever', 'golden retriever')"
1300,"('French bulldog', 'beagle', 'Chihuahua')"
1307,"('promontory, headland, head, foreland', 'lakeside, lakeshore', 'sandbar, sand bar')"
1311,"('bathtub, bathing tub, bath, tub', 'tub, vat', 'shower curtain')"
1312,"('sliding door', 'pole', 'window screen')"
1316,"('web site, website, internet site, site', 'oxygen mask', ""loupe, jeweler's loupe"")"
1319,"('cairn, cairn terrier', 'lakeside, lakeshore', 'Scotch terrier, Scottish terrier, Scottie')"
1321,"('space shuttle', 'volcano', 'geyser')"
1327,"('Dandie Dinmont, Dandie Dinmont terrier', 'toyshop', 'Norfolk terrier')"
1328,"('doormat, welcome mat', 'wool, woolen, woollen', 'window screen')"
1329,"('doormat, welcome mat', 'quill, quill pen', 'binder, ring-binder')"
1331,"('beagle', 'Labrador retriever', 'Chihuahua')"
1332,"('Doberman, Doberman pinscher', 'cash machine, cash dispenser, automated teller machine, automatic teller machine, automated teller, automatic teller, ATM', 'black-and-tan coonhound')"
1333,"('skunk, polecat, wood pussy', 'patio, terrace', 'Pekinese, Pekingese, Peke')"
1334,"('bookshop, bookstore, bookstall', 'Border collie', 'Bernese mountain dog')"
1341,"('barrow, garden cart, lawn cart, wheelbarrow', 'Old English sheepdog, bobtail', 'komondor')"
1352,"('balloon', 'golden retriever', 'toy poodle')"
1353,"('radio telescope, radio reflector', 'parachute, chute', 'solar dish, solar collector, solar furnace')"
1356,"('German shepherd, German shepherd dog, German police dog, alsatian', 'snorkel', 'coral reef')"
1360,"('French bulldog', 'Brabancon griffon', 'pug, pug-dog')"
1363,"('ice bear, polar bear, Ursus Maritimus, Thalarctos maritimus', 'hippopotamus, hippo, river horse, Hippopotamus amphibius', 'Indian elephant, Elephas maximus')"
1365,"('tub, vat', 'bathtub, bathing tub, bath, tub', 'bathing cap, swimming cap')"
1366,"('canoe', 'paddle, boat paddle', 'seashore, coast, seacoast, sea-coast')"
1369,"('pool table, billiard table, snooker table', 'seashore, coast, seacoast, sea-coast', 'patio, terrace')"
1370,"('Chihuahua', 'wardrobe, closet, press', 'West Highland white terrier')"
1374,"('golden retriever', 'seat belt, seatbelt', 'chow, chow chow')"
1392,"('patio, terrace', 'restaurant, eating house, eating place, eatery', 'lakeside, lakeshore')"
1395,"('wing', 'coral reef', 'coral fungus')"
1396,"('lion, king of beasts, Panthera leo', 'cougar, puma, catamount, mountain lion, painter, panther, Felis concolor', 'hyena, hyaena')"
1408,"('golden retriever', 'Labrador retriever', 'vizsla, Hungarian pointer')"
1409,"('Siberian husky', 'malamute, malemute, Alaskan malamute', 'Eskimo dog, husky')"
1412,"('television, television system', 'screen, CRT screen', 'monitor')"
1413,"('chow, chow chow', 'toy poodle', 'Pomeranian')"
1415,"('cocker spaniel, English cocker spaniel, cocker', 'golden retriever', 'bathtub, bathing tub, bath, tub')"
1428,"('Pekinese, Pekingese, Peke', 'Persian cat', 'keeshond')"
1430,"('seat belt, seatbelt', 'Brabancon griffon', 'vizsla, Hungarian pointer')"
1431,"('shopping cart', 'shopping basket', 'Labrador retriever')"
1436,"('golden retriever', 'black-footed ferret, ferret, Mustela nigripes', 'seat belt, seatbelt')"
1442,"('web site, website, internet site, site', 'menu', 'monitor')"
1443,"('Walker hound, Walker foxhound', 'English foxhound', 'beagle')"
1446,"('web site, website, internet site, site', 'Labrador retriever', 'pug, pug-dog')"
1447,"('dining table, board', 'laptop, laptop computer', 'racer, race car, racing car')"
1462,"('cannon', 'doormat, welcome mat', 'bath towel')"
1470,"('swab, swob, mop', 'patio, terrace', 'vacuum, vacuum cleaner')"
1480,"('padlock', 'picket fence, paling', 'grocery store, grocery, food market, market')"
1483,"('tennis ball', 'golden retriever', 'Labrador retriever')"
1485,"('papillon', 'Pembroke, Pembroke Welsh corgi', 'Lhasa, Lhasa apso')"
1491,"('golden retriever', 'cocker spaniel, English cocker spaniel, cocker', 'Labrador retriever')"
1499,"('Weimaraner', 'vizsla, Hungarian pointer', 'Chesapeake Bay retriever')"
1503,"('seat belt, seatbelt', 'Eskimo dog, husky', 'Siberian husky')"
1504,"('bath towel', 'sliding door', 'crib, cot')"
1506,"('porcupine, hedgehog', 'titi, titi monkey', 'marmoset')"
1508,"('teddy, teddy bear', 'chow, chow chow', 'golden retriever')"
1516,"('golden retriever', 'Irish setter, red setter', 'Brittany spaniel')"
1520,"('beach wagon, station wagon, wagon, estate car, beach waggon, station waggon, waggon', 'minivan', 'limousine, limo')"
1526,"('remote control, remote', 'golden retriever', 'oscilloscope, scope, cathode-ray oscilloscope, CRO')"
1532,"('bathtub, bathing tub, bath, tub', 'tub, vat', 'golden retriever')"
1535,"('refrigerator, icebox', 'microwave, microwave oven', 'dishwasher, dish washer, dishwashing machine')"
1537,"('bathtub, bathing tub, bath, tub', 'tub, vat', 'golden retriever')"
1538,"('chow, chow chow', 'golden retriever', 'Tibetan mastiff')"
1547,"(""jack-o'-lantern"", 'Pembroke, Pembroke Welsh corgi', 'golden retriever')"
1548,"('web site, website, internet site, site', 'switch, electric switch, electrical switch', 'envelope')"
1550,"('saltshaker, salt shaker', 'bakery, bakeshop, bakehouse', 'book jacket, dust cover, dust jacket, dust wrapper')"
1555,"('Boston bull, Boston terrier', 'French bulldog', 'pug, pug-dog')"
1566,"('fountain', 'caldron, cauldron', 'ashcan, trash can, garbage can, wastebin, ash bin, ash-bin, ashbin, dustbin, trash barrel, trash bin')"
1569,"('golden retriever', 'cocker spaniel, English cocker spaniel, cocker', 'Sussex spaniel')"
1571,"('gas pump, gasoline pump, petrol pump, island dispenser', 'Labrador retriever', 'borzoi, Russian wolfhound')"
1591,"('dough', 'French bulldog', 'bath towel')"
1601,"('croquet ball', 'wardrobe, closet, press', 'barbell')"
1604,"('dining table, board', 'laptop, laptop computer', 'racer, race car, racing car')"
1605,"('Samoyed, Samoyede', 'kuvasz', 'ice bear, polar bear, Ursus Maritimus, Thalarctos maritimus')"
1610,"('beach wagon, station wagon, wagon, estate car, beach waggon, station waggon, waggon', 'minivan', 'convertible')"
1615,"('home theater, home theatre', 'entertainment center', 'television, television system')"
1620,"('Pembroke, Pembroke Welsh corgi', 'bookcase', 'Pomeranian')"
1624,"('web site, website, internet site, site', 'envelope', 'hand blower, blow dryer, blow drier, hair dryer, hair drier')"
1628,"('shield, buckler', 'Great Dane', 'caldron, cauldron')"
1636,"('bathtub, bathing tub, bath, tub', 'Irish setter, red setter', 'brown bear, bruin, Ursus arctos')"
1638,"('golden retriever', 'cocker spaniel, English cocker spaniel, cocker', 'Labrador retriever')"
1645,"('golden retriever', ""pajama, pyjama, pj's, jammies"", 'toy poodle')"
1662,"('Great Dane', 'American Staffordshire terrier, Staffordshire terrier, American pit bull terrier, pit bull terrier', 'Weimaraner')"
1663,"('web site, website, internet site, site', 'nematode, nematode worm, roundworm', 'comic book')"
1670,"('dingo, warrigal, warragal, Canis dingo', 'Siberian husky', 'Eskimo dog, husky')"
1673,"('Pembroke, Pembroke Welsh corgi', 'Pomeranian', 'Chihuahua')"
1674,"('Irish setter, red setter', 'golden retriever', 'doormat, welcome mat')"
1686,"('comic book', 'jigsaw puzzle', 'toyshop')"
1694,"('web site, website, internet site, site', 'nail', 'envelope')"
1697,"('chow, chow chow', 'golden retriever', 'Tibetan mastiff')"
1703,"('chow, chow chow', 'Samoyed, Samoyede', 'Eskimo dog, husky')"
1709,"('swing', 'parachute, chute', 'hook, claw')"
1714,"('prison, prison house', 'Staffordshire bullterrier, Staffordshire bull terrier', 'window shade')"
1715,"('prison, prison house', 'Staffordshire bullterrier, Staffordshire bull terrier', 'window shade')"
1720,"('mousetrap', 'rock beauty, Holocanthus tricolor', 'toy poodle')"
1721,"('toilet tissue, toilet paper, bathroom tissue', 'carton', 'bathtub, bathing tub, bath, tub')"
1723,"('school bus', 'toucan', 'hornbill')"
1743,"('Pembroke, Pembroke Welsh corgi', 'Cardigan, Cardigan Welsh corgi', 'shower curtain')"
1745,"('cowboy boot', 'papillon', 'silky terrier, Sydney silky')"
1746,"('German shepherd, German shepherd dog, German police dog, alsatian', 'kelpie', 'dingo, warrigal, warragal, Canis dingo')"
1749,"('Irish water spaniel', 'malamute, malemute, Alaskan malamute', 'standard poodle')"
1753,"('gas pump, gasoline pump, petrol pump, island dispenser', 'Labrador retriever', 'borzoi, Russian wolfhound')"
1758,"('shopping cart', 'shopping basket', 'grocery store, grocery, food market, market')"
1759,"('golden retriever', 'tennis ball', 'cocker spaniel, English cocker spaniel, cocker')"
1772,"('macaque', 'dingo, warrigal, warragal, Canis dingo', 'window screen')"
1777,"('miniature poodle', 'cocker spaniel, English cocker spaniel, cocker', 'standard poodle')"
1779,"('hippopotamus, hippo, river horse, Hippopotamus amphibius', 'fox squirrel, eastern fox squirrel, Sciurus niger', 'Mexican hairless')"
1780,"('seat belt, seatbelt', 'Weimaraner', 'Chesapeake Bay retriever')"
1808,"('jersey, T-shirt, tee shirt', 'maillot', 'wig')"
1815,"('bath towel', 'golden retriever', 'swab, swob, mop')"
1816,"('ox', 'llama', 'water buffalo, water ox, Asiatic buffalo, Bubalus bubalis')"
1819,"('golden retriever', 'Labrador retriever', 'toilet tissue, toilet paper, bathroom tissue')"
1821,"('golden retriever', 'Irish wolfhound', 'Chesapeake Bay retriever')"
1822,"('swing', 'Labrador retriever', 'golden retriever')"
1824,"('bluetick', 'Border terrier', 'German short-haired pointer')"
1829,"('sea lion', 'Siamese cat, Siamese', 'weasel')"
1830,"('jaguar, panther, Panthera onca, Felis onca', 'leopard, Panthera pardus', 'snow leopard, ounce, Panthera uncia')"
1831,"('mortarboard', ""academic gown, academic robe, judge's robe"", 'kelpie')"
1832,"('golden retriever', 'shopping basket', 'cocker spaniel, English cocker spaniel, cocker')"
1836,"('umbrella', 'Chihuahua', 'pug, pug-dog')"
1841,"('web site, website, internet site, site', 'monitor', 'lab coat, laboratory coat')"
1844,"('web site, website, internet site, site', 'monitor', 'mailbox, letter box')"
1845,"('golden retriever', 'swing', 'malamute, malemute, Alaskan malamute')"
1848,"('teapot', 'cup', 'ladle')"
1850,"('web site, website, internet site, site', 'menu', 'power drill')"
1853,"('Labrador retriever', 'bulletproof vest', 'Great Dane')"
1855,"('chow, chow chow', 'Samoyed, Samoyede', 'Eskimo dog, husky')"
1859,"('bucket, pail', 'tub, vat', 'Labrador retriever')"
1865,"('washer, automatic washer, washing machine', 'borzoi, Russian wolfhound', 'photocopier')"
1868,"('tennis ball', 'Border collie', 'Bernese mountain dog')"
1877,"('whippet', 'American Staffordshire terrier, Staffordshire terrier, American pit bull terrier, pit bull terrier', 'Staffordshire bullterrier, Staffordshire bull terrier')"
1882,"('sea lion', 'Mexican hairless', 'otter')"
1883,"('coffee mug', 'whiskey jug', 'cup')"
1887,"('fountain', 'sundial', 'maze, labyrinth')"
1888,"('folding chair', 'ashcan, trash can, garbage can, wastebin, ash bin, ash-bin, ashbin, dustbin, trash barrel, trash bin', 'monastery')"
1892,"('croquet ball', 'Walker hound, Walker foxhound', 'English foxhound')"
1895,"('car mirror', 'seat belt, seatbelt', 'Old English sheepdog, bobtail')"
1896,"('web site, website, internet site, site', 'menu', 'book jacket, dust cover, dust jacket, dust wrapper')"
1898,"('packet', 'wallet, billfold, notecase, pocketbook', 'pencil box, pencil case')"
1900,"('Border collie', 'collie', 'Bernese mountain dog')"
1901,"('bannister, banister, balustrade, balusters, handrail', 'sliding door', 'prison, prison house')"
1902,"('barbell', 'dumbbell', 'axolotl, mud puppy, Ambystoma mexicanum')"
1906,"('grille, radiator grille', 'sports car, sport car', 'minivan')"
1927,"('totem pole', 'balloon', 'comic book')"
1928,"('keeshond', 'Samoyed, Samoyede', 'Pomeranian')"
1932,"('chimpanzee, chimp, Pan troglodytes', 'orangutan, orang, orangutang, Pongo pygmaeus', 'guenon, guenon monkey')"
1933,"('Chesapeake Bay retriever', 'Labrador retriever', 'redbone')"
1936,"('envelope', 'web site, website, internet site, site', 'cash machine, cash dispenser, automated teller machine, automatic teller machine, automated teller, automatic teller, ATM')"
1938,"('Labrador retriever', 'snorkel', 'Newfoundland, Newfoundland dog')"
1941,"('studio couch, day bed', 'table lamp', 'home theater, home theatre')"
1948,"('German shepherd, German shepherd dog, German police dog, alsatian', 'malinois', 'Norwegian elkhound, elkhound')"
1951,"('wreck', 'lakeside, lakeshore', 'nail')"
1965,"('laptop, laptop computer', 'notebook, notebook computer', 'photocopier')"
1970,"('comic book', 'envelope', 'pencil box, pencil case')"
1974,"('kuvasz', 'Great Pyrenees', 'ice bear, polar bear, Ursus Maritimus, Thalarctos maritimus')"
1979,"('basketball', 'Lhasa, Lhasa apso', 'English setter')"
2006,"('window screen', 'Egyptian cat', 'banded gecko')"
2007,"('Pembroke, Pembroke Welsh corgi', 'Cardigan, Cardigan Welsh corgi', 'tricycle, trike, velocipede')"
2015,"('street sign', 'streetcar, tram, tramcar, trolley, trolley car', 'stretcher')"
2016,"('ibex, Capra ibex', 'bighorn, bighorn sheep, cimarron, Rocky Mountain bighorn, Rocky Mountain sheep, Ovis canadensis', 'gazelle')"
2020,"('web site, website, internet site, site', 'dhole, Cuon alpinus', 'red fox, Vulpes vulpes')"
2040,"('convertible', 'sports car, sport car', 'car wheel')"
2046,"('wallaby, brush kangaroo', 'baboon', 'macaque')"
2064,"('Labrador retriever', 'paper towel', 'Siamese cat, Siamese')"
2067,"('bagel, beigel', 'butternut squash', 'shopping cart')"
